{
  "hash": "afffc623",
  "configHash": "4deb18ed",
  "lockfileHash": "62c161d4",
  "browserHash": "f1a0df97",
  "optimized": {
    "@angular/common": {
      "src": "../../../../../../node_modules/@angular/common/fesm2022/common.mjs",
      "file": "@angular_common.js",
      "fileHash": "f37ea589",
      "needsInterop": false
    },
    "@angular/common/http": {
      "src": "../../../../../../node_modules/@angular/common/fesm2022/http.mjs",
      "file": "@angular_common_http.js",
      "fileHash": "5537beca",
      "needsInterop": false
    },
    "@angular/common/locales/en": {
      "src": "../../../../../../node_modules/@angular/common/locales/en.mjs",
      "file": "@angular_common_locales_en.js",
      "fileHash": "f28b8d5b",
      "needsInterop": false
    },
    "@angular/core": {
      "src": "../../../../../../node_modules/@angular/core/fesm2022/core.mjs",
      "file": "@angular_core.js",
      "fileHash": "72432cb9",
      "needsInterop": false
    },
    "@angular/forms": {
      "src": "../../../../../../node_modules/@angular/forms/fesm2022/forms.mjs",
      "file": "@angular_forms.js",
      "fileHash": "d64882a9",
      "needsInterop": false
    },
    "@angular/platform-browser": {
      "src": "../../../../../../node_modules/@angular/platform-browser/fesm2022/platform-browser.mjs",
      "file": "@angular_platform-browser.js",
      "fileHash": "d2c6b81b",
      "needsInterop": false
    },
    "@angular/platform-browser/animations/async": {
      "src": "../../../../../../node_modules/@angular/platform-browser/fesm2022/animations/async.mjs",
      "file": "@angular_platform-browser_animations_async.js",
      "fileHash": "0f7d1042",
      "needsInterop": false
    },
    "@angular/router": {
      "src": "../../../../../../node_modules/@angular/router/fesm2022/router.mjs",
      "file": "@angular_router.js",
      "fileHash": "83b3ea61",
      "needsInterop": false
    },
    "@ant-design/icons-angular/icons": {
      "src": "../../../../../../node_modules/@ant-design/icons-angular/fesm2022/ant-design-icons-angular-icons.mjs",
      "file": "@ant-design_icons-angular_icons.js",
      "fileHash": "8fc9a222",
      "needsInterop": false
    },
    "jspdf": {
      "src": "../../../../../../node_modules/jspdf/dist/jspdf.es.min.js",
      "file": "jspdf.js",
      "fileHash": "1468fd97",
      "needsInterop": false
    },
    "ng-zorro-antd/alert": {
      "src": "../../../../../../node_modules/ng-zorro-antd/fesm2022/ng-zorro-antd-alert.mjs",
      "file": "ng-zorro-antd_alert.js",
      "fileHash": "5da61a03",
      "needsInterop": false
    },
    "ng-zorro-antd/breadcrumb": {
      "src": "../../../../../../node_modules/ng-zorro-antd/fesm2022/ng-zorro-antd-breadcrumb.mjs",
      "file": "ng-zorro-antd_breadcrumb.js",
      "fileHash": "8dd86402",
      "needsInterop": false
    },
    "ng-zorro-antd/i18n": {
      "src": "../../../../../../node_modules/ng-zorro-antd/fesm2022/ng-zorro-antd-i18n.mjs",
      "file": "ng-zorro-antd_i18n.js",
      "fileHash": "0151d2c7",
      "needsInterop": false
    },
    "ng-zorro-antd/icon": {
      "src": "../../../../../../node_modules/ng-zorro-antd/fesm2022/ng-zorro-antd-icon.mjs",
      "file": "ng-zorro-antd_icon.js",
      "fileHash": "31a46de3",
      "needsInterop": false
    },
    "ng-zorro-antd/menu": {
      "src": "../../../../../../node_modules/ng-zorro-antd/fesm2022/ng-zorro-antd-menu.mjs",
      "file": "ng-zorro-antd_menu.js",
      "fileHash": "c9fef3e9",
      "needsInterop": false
    },
    "ng-zorro-antd/message": {
      "src": "../../../../../../node_modules/ng-zorro-antd/fesm2022/ng-zorro-antd-message.mjs",
      "file": "ng-zorro-antd_message.js",
      "fileHash": "155a2498",
      "needsInterop": false
    },
    "ng-zorro-antd/qr-code": {
      "src": "../../../../../../node_modules/ng-zorro-antd/fesm2022/ng-zorro-antd-qr-code.mjs",
      "file": "ng-zorro-antd_qr-code.js",
      "fileHash": "fb308f86",
      "needsInterop": false
    },
    "ng-zorro-antd/radio": {
      "src": "../../../../../../node_modules/ng-zorro-antd/fesm2022/ng-zorro-antd-radio.mjs",
      "file": "ng-zorro-antd_radio.js",
      "fileHash": "0b93c4b9",
      "needsInterop": false
    },
    "ng-zorro-antd/select": {
      "src": "../../../../../../node_modules/ng-zorro-antd/fesm2022/ng-zorro-antd-select.mjs",
      "file": "ng-zorro-antd_select.js",
      "fileHash": "138a00cf",
      "needsInterop": false
    },
    "ng-zorro-antd/skeleton": {
      "src": "../../../../../../node_modules/ng-zorro-antd/fesm2022/ng-zorro-antd-skeleton.mjs",
      "file": "ng-zorro-antd_skeleton.js",
      "fileHash": "20562b5b",
      "needsInterop": false
    },
    "ng-zorro-antd/spin": {
      "src": "../../../../../../node_modules/ng-zorro-antd/fesm2022/ng-zorro-antd-spin.mjs",
      "file": "ng-zorro-antd_spin.js",
      "fileHash": "90026eef",
      "needsInterop": false
    },
    "ng-zorro-antd/switch": {
      "src": "../../../../../../node_modules/ng-zorro-antd/fesm2022/ng-zorro-antd-switch.mjs",
      "file": "ng-zorro-antd_switch.js",
      "fileHash": "18b27814",
      "needsInterop": false
    },
    "ng-zorro-antd/tooltip": {
      "src": "../../../../../../node_modules/ng-zorro-antd/fesm2022/ng-zorro-antd-tooltip.mjs",
      "file": "ng-zorro-antd_tooltip.js",
      "fileHash": "ea64f3b3",
      "needsInterop": false
    },
    "ng-zorro-antd/button": {
      "src": "../../../../../../node_modules/ng-zorro-antd/fesm2022/ng-zorro-antd-button.mjs",
      "file": "ng-zorro-antd_button.js",
      "fileHash": "f6339885",
      "needsInterop": false
    },
    "ng-zorro-antd/popover": {
      "src": "../../../../../../node_modules/ng-zorro-antd/fesm2022/ng-zorro-antd-popover.mjs",
      "file": "ng-zorro-antd_popover.js",
      "fileHash": "91ff11be",
      "needsInterop": false
    },
    "ng-zorro-antd/core/transition-patch": {
      "src": "../../../../../../node_modules/ng-zorro-antd/fesm2022/ng-zorro-antd-core-transition-patch.mjs",
      "file": "ng-zorro-antd_core_transition-patch.js",
      "fileHash": "ecf15a30",
      "needsInterop": false
    },
    "ng-zorro-antd/core/wave": {
      "src": "../../../../../../node_modules/ng-zorro-antd/fesm2022/ng-zorro-antd-core-wave.mjs",
      "file": "ng-zorro-antd_core_wave.js",
      "fileHash": "dd6b503a",
      "needsInterop": false
    },
    "ng-zorro-antd/tag": {
      "src": "../../../../../../node_modules/ng-zorro-antd/fesm2022/ng-zorro-antd-tag.mjs",
      "file": "ng-zorro-antd_tag.js",
      "fileHash": "757f5e00",
      "needsInterop": false
    },
    "ng-zorro-antd/modal": {
      "src": "../../../../../../node_modules/ng-zorro-antd/fesm2022/ng-zorro-antd-modal.mjs",
      "file": "ng-zorro-antd_modal.js",
      "fileHash": "550415ba",
      "needsInterop": false
    },
    "ng-zorro-antd/pagination": {
      "src": "../../../../../../node_modules/ng-zorro-antd/fesm2022/ng-zorro-antd-pagination.mjs",
      "file": "ng-zorro-antd_pagination.js",
      "fileHash": "cb6057fe",
      "needsInterop": false
    }
  },
  "chunks": {
    "purify.es-5RCLILSO": {
      "file": "purify__es-5RCLILSO.js"
    },
    "index.es-YMGPY5SL": {
      "file": "index__es-YMGPY5SL.js"
    },
    "browser-CZOADB3H": {
      "file": "browser-CZOADB3H.js"
    },
    "html2canvas.esm-VN2TC25E": {
      "file": "html2canvas__esm-VN2TC25E.js"
    },
    "chunk-TV4JUBDG": {
      "file": "chunk-TV4JUBDG.js"
    },
    "chunk-JME6I6DC": {
      "file": "chunk-JME6I6DC.js"
    },
    "chunk-E7ODZYTF": {
      "file": "chunk-E7ODZYTF.js"
    },
    "chunk-MGIYUBGG": {
      "file": "chunk-MGIYUBGG.js"
    },
    "chunk-27LHSJWP": {
      "file": "chunk-27LHSJWP.js"
    },
    "chunk-AWGD7O4B": {
      "file": "chunk-AWGD7O4B.js"
    },
    "chunk-245HYXIX": {
      "file": "chunk-245HYXIX.js"
    },
    "chunk-YGCUPATB": {
      "file": "chunk-YGCUPATB.js"
    },
    "chunk-Y6OKJ73S": {
      "file": "chunk-Y6OKJ73S.js"
    },
    "chunk-DZTKGT2I": {
      "file": "chunk-DZTKGT2I.js"
    },
    "chunk-JSMROXPR": {
      "file": "chunk-JSMROXPR.js"
    },
    "chunk-2FEY32YJ": {
      "file": "chunk-2FEY32YJ.js"
    },
    "chunk-4PKU5SAB": {
      "file": "chunk-4PKU5SAB.js"
    },
    "chunk-ZCGKYO3B": {
      "file": "chunk-ZCGKYO3B.js"
    },
    "chunk-MCHKV6VI": {
      "file": "chunk-MCHKV6VI.js"
    },
    "chunk-FTWUFHZ7": {
      "file": "chunk-FTWUFHZ7.js"
    },
    "chunk-GOUOZTRY": {
      "file": "chunk-GOUOZTRY.js"
    },
    "chunk-AOWV25HA": {
      "file": "chunk-AOWV25HA.js"
    },
    "chunk-E6R2K7E4": {
      "file": "chunk-E6R2K7E4.js"
    },
    "chunk-M6GDZ57P": {
      "file": "chunk-M6GDZ57P.js"
    },
    "chunk-P5OU62Q5": {
      "file": "chunk-P5OU62Q5.js"
    },
    "chunk-YZ4XW4KG": {
      "file": "chunk-YZ4XW4KG.js"
    },
    "chunk-2SJ2DHYL": {
      "file": "chunk-2SJ2DHYL.js"
    },
    "chunk-SJ3NPWEQ": {
      "file": "chunk-SJ3NPWEQ.js"
    },
    "chunk-WUUVWCMF": {
      "file": "chunk-WUUVWCMF.js"
    },
    "chunk-VL6ISAES": {
      "file": "chunk-VL6ISAES.js"
    },
    "chunk-Y7O6DRCY": {
      "file": "chunk-Y7O6DRCY.js"
    },
    "chunk-UNNR4FNV": {
      "file": "chunk-UNNR4FNV.js"
    },
    "chunk-MCWHTXE5": {
      "file": "chunk-MCWHTXE5.js"
    },
    "chunk-2P3AFQYV": {
      "file": "chunk-2P3AFQYV.js"
    },
    "chunk-2CCANFCR": {
      "file": "chunk-2CCANFCR.js"
    },
    "chunk-KBGZVJGK": {
      "file": "chunk-KBGZVJGK.js"
    },
    "chunk-4IICRJDW": {
      "file": "chunk-4IICRJDW.js"
    },
    "chunk-CQ7AE3R3": {
      "file": "chunk-CQ7AE3R3.js"
    },
    "chunk-QQPMNSE3": {
      "file": "chunk-QQPMNSE3.js"
    },
    "chunk-TXDUYLVM": {
      "file": "chunk-TXDUYLVM.js"
    }
  }
}