{
  "hash": "7aac3c1a",
  "configHash": "6af7f21b",
  "lockfileHash": "8d583cc8",
  "browserHash": "bb1fb5e0",
  "optimized": {
    "@angular/common": {
      "src": "../../../../../../node_modules/@angular/common/fesm2022/common.mjs",
      "file": "@angular_common.js",
      "fileHash": "616acae4",
      "needsInterop": false
    },
    "@angular/common/http": {
      "src": "../../../../../../node_modules/@angular/common/fesm2022/http.mjs",
      "file": "@angular_common_http.js",
      "fileHash": "20073076",
      "needsInterop": false
    },
    "@angular/common/locales/en": {
      "src": "../../../../../../node_modules/@angular/common/locales/en.mjs",
      "file": "@angular_common_locales_en.js",
      "fileHash": "ac1154d1",
      "needsInterop": false
    },
    "@angular/core": {
      "src": "../../../../../../node_modules/@angular/core/fesm2022/core.mjs",
      "file": "@angular_core.js",
      "fileHash": "cdfe7af9",
      "needsInterop": false
    },
    "@angular/forms": {
      "src": "../../../../../../node_modules/@angular/forms/fesm2022/forms.mjs",
      "file": "@angular_forms.js",
      "fileHash": "2077e365",
      "needsInterop": false
    },
    "@angular/platform-browser": {
      "src": "../../../../../../node_modules/@angular/platform-browser/fesm2022/platform-browser.mjs",
      "file": "@angular_platform-browser.js",
      "fileHash": "40d47880",
      "needsInterop": false
    },
    "@angular/platform-browser/animations/async": {
      "src": "../../../../../../node_modules/@angular/platform-browser/fesm2022/animations/async.mjs",
      "file": "@angular_platform-browser_animations_async.js",
      "fileHash": "601bbc23",
      "needsInterop": false
    },
    "@angular/router": {
      "src": "../../../../../../node_modules/@angular/router/fesm2022/router.mjs",
      "file": "@angular_router.js",
      "fileHash": "cb1e9d03",
      "needsInterop": false
    },
    "@ant-design/icons-angular/icons": {
      "src": "../../../../../../node_modules/@ant-design/icons-angular/fesm2022/ant-design-icons-angular-icons.mjs",
      "file": "@ant-design_icons-angular_icons.js",
      "fileHash": "605a228f",
      "needsInterop": false
    },
    "ng-zorro-antd/alert": {
      "src": "../../../../../../node_modules/ng-zorro-antd/fesm2022/ng-zorro-antd-alert.mjs",
      "file": "ng-zorro-antd_alert.js",
      "fileHash": "4b20166a",
      "needsInterop": false
    },
    "ng-zorro-antd/breadcrumb": {
      "src": "../../../../../../node_modules/ng-zorro-antd/fesm2022/ng-zorro-antd-breadcrumb.mjs",
      "file": "ng-zorro-antd_breadcrumb.js",
      "fileHash": "23327870",
      "needsInterop": false
    },
    "ng-zorro-antd/button": {
      "src": "../../../../../../node_modules/ng-zorro-antd/fesm2022/ng-zorro-antd-button.mjs",
      "file": "ng-zorro-antd_button.js",
      "fileHash": "c4314572",
      "needsInterop": false
    },
    "ng-zorro-antd/core/transition-patch": {
      "src": "../../../../../../node_modules/ng-zorro-antd/fesm2022/ng-zorro-antd-core-transition-patch.mjs",
      "file": "ng-zorro-antd_core_transition-patch.js",
      "fileHash": "5c0a2113",
      "needsInterop": false
    },
    "ng-zorro-antd/i18n": {
      "src": "../../../../../../node_modules/ng-zorro-antd/fesm2022/ng-zorro-antd-i18n.mjs",
      "file": "ng-zorro-antd_i18n.js",
      "fileHash": "ab182a5c",
      "needsInterop": false
    },
    "ng-zorro-antd/icon": {
      "src": "../../../../../../node_modules/ng-zorro-antd/fesm2022/ng-zorro-antd-icon.mjs",
      "file": "ng-zorro-antd_icon.js",
      "fileHash": "9e590aac",
      "needsInterop": false
    },
    "ng-zorro-antd/menu": {
      "src": "../../../../../../node_modules/ng-zorro-antd/fesm2022/ng-zorro-antd-menu.mjs",
      "file": "ng-zorro-antd_menu.js",
      "fileHash": "d88b0ed6",
      "needsInterop": false
    },
    "ng-zorro-antd/message": {
      "src": "../../../../../../node_modules/ng-zorro-antd/fesm2022/ng-zorro-antd-message.mjs",
      "file": "ng-zorro-antd_message.js",
      "fileHash": "506d2a9e",
      "needsInterop": false
    },
    "ng-zorro-antd/modal": {
      "src": "../../../../../../node_modules/ng-zorro-antd/fesm2022/ng-zorro-antd-modal.mjs",
      "file": "ng-zorro-antd_modal.js",
      "fileHash": "54b37801",
      "needsInterop": false
    },
    "ng-zorro-antd/pagination": {
      "src": "../../../../../../node_modules/ng-zorro-antd/fesm2022/ng-zorro-antd-pagination.mjs",
      "file": "ng-zorro-antd_pagination.js",
      "fileHash": "8ca27c26",
      "needsInterop": false
    },
    "ng-zorro-antd/popover": {
      "src": "../../../../../../node_modules/ng-zorro-antd/fesm2022/ng-zorro-antd-popover.mjs",
      "file": "ng-zorro-antd_popover.js",
      "fileHash": "88d9d6c2",
      "needsInterop": false
    },
    "ng-zorro-antd/qr-code": {
      "src": "../../../../../../node_modules/ng-zorro-antd/fesm2022/ng-zorro-antd-qr-code.mjs",
      "file": "ng-zorro-antd_qr-code.js",
      "fileHash": "33232b6e",
      "needsInterop": false
    },
    "ng-zorro-antd/radio": {
      "src": "../../../../../../node_modules/ng-zorro-antd/fesm2022/ng-zorro-antd-radio.mjs",
      "file": "ng-zorro-antd_radio.js",
      "fileHash": "5894ad3b",
      "needsInterop": false
    },
    "ng-zorro-antd/select": {
      "src": "../../../../../../node_modules/ng-zorro-antd/fesm2022/ng-zorro-antd-select.mjs",
      "file": "ng-zorro-antd_select.js",
      "fileHash": "b788f6a4",
      "needsInterop": false
    },
    "ng-zorro-antd/skeleton": {
      "src": "../../../../../../node_modules/ng-zorro-antd/fesm2022/ng-zorro-antd-skeleton.mjs",
      "file": "ng-zorro-antd_skeleton.js",
      "fileHash": "3e6d2731",
      "needsInterop": false
    },
    "ng-zorro-antd/spin": {
      "src": "../../../../../../node_modules/ng-zorro-antd/fesm2022/ng-zorro-antd-spin.mjs",
      "file": "ng-zorro-antd_spin.js",
      "fileHash": "8fa72ba1",
      "needsInterop": false
    },
    "ng-zorro-antd/switch": {
      "src": "../../../../../../node_modules/ng-zorro-antd/fesm2022/ng-zorro-antd-switch.mjs",
      "file": "ng-zorro-antd_switch.js",
      "fileHash": "19be71c1",
      "needsInterop": false
    },
    "ng-zorro-antd/tag": {
      "src": "../../../../../../node_modules/ng-zorro-antd/fesm2022/ng-zorro-antd-tag.mjs",
      "file": "ng-zorro-antd_tag.js",
      "fileHash": "9574c216",
      "needsInterop": false
    },
    "ng-zorro-antd/tooltip": {
      "src": "../../../../../../node_modules/ng-zorro-antd/fesm2022/ng-zorro-antd-tooltip.mjs",
      "file": "ng-zorro-antd_tooltip.js",
      "fileHash": "2117c4a4",
      "needsInterop": false
    }
  },
  "chunks": {
    "browser-UCQBCIZ3": {
      "file": "browser-UCQBCIZ3.js"
    },
    "chunk-LFOWQMCW": {
      "file": "chunk-LFOWQMCW.js"
    },
    "chunk-ZN5X7NFH": {
      "file": "chunk-ZN5X7NFH.js"
    },
    "chunk-PWMQDJGO": {
      "file": "chunk-PWMQDJGO.js"
    },
    "chunk-BNPGDQCD": {
      "file": "chunk-BNPGDQCD.js"
    },
    "chunk-HL4YAMYR": {
      "file": "chunk-HL4YAMYR.js"
    },
    "chunk-NSJXT65T": {
      "file": "chunk-NSJXT65T.js"
    },
    "chunk-JAAQMN7T": {
      "file": "chunk-JAAQMN7T.js"
    },
    "chunk-I5DBVGFT": {
      "file": "chunk-I5DBVGFT.js"
    },
    "chunk-ETVHSX7M": {
      "file": "chunk-ETVHSX7M.js"
    },
    "chunk-JTBLAYDW": {
      "file": "chunk-JTBLAYDW.js"
    },
    "chunk-XHMIBGPQ": {
      "file": "chunk-XHMIBGPQ.js"
    },
    "chunk-5KH4JKOH": {
      "file": "chunk-5KH4JKOH.js"
    },
    "chunk-6P6QXH3D": {
      "file": "chunk-6P6QXH3D.js"
    },
    "chunk-I2KEUPIG": {
      "file": "chunk-I2KEUPIG.js"
    },
    "chunk-62QI75OD": {
      "file": "chunk-62QI75OD.js"
    },
    "chunk-JHLTTHUV": {
      "file": "chunk-JHLTTHUV.js"
    },
    "chunk-UJBXF3CP": {
      "file": "chunk-UJBXF3CP.js"
    },
    "chunk-TUWODML4": {
      "file": "chunk-TUWODML4.js"
    },
    "chunk-LCBUVZ3K": {
      "file": "chunk-LCBUVZ3K.js"
    },
    "chunk-AHBRSQH5": {
      "file": "chunk-AHBRSQH5.js"
    },
    "chunk-Q5BGTPGW": {
      "file": "chunk-Q5BGTPGW.js"
    },
    "chunk-2SJ2DHYL": {
      "file": "chunk-2SJ2DHYL.js"
    },
    "chunk-BQ76GOFF": {
      "file": "chunk-BQ76GOFF.js"
    },
    "chunk-5I4Z4TT5": {
      "file": "chunk-5I4Z4TT5.js"
    },
    "chunk-ZTU732GG": {
      "file": "chunk-ZTU732GG.js"
    },
    "chunk-O2V7L27N": {
      "file": "chunk-O2V7L27N.js"
    },
    "chunk-O5EAZA5P": {
      "file": "chunk-O5EAZA5P.js"
    },
    "chunk-BLG7X7Y4": {
      "file": "chunk-BLG7X7Y4.js"
    },
    "chunk-YCFIURYJ": {
      "file": "chunk-YCFIURYJ.js"
    },
    "chunk-AWUYWLN6": {
      "file": "chunk-AWUYWLN6.js"
    },
    "chunk-XMVPNREB": {
      "file": "chunk-XMVPNREB.js"
    },
    "chunk-F6G3ERJY": {
      "file": "chunk-F6G3ERJY.js"
    },
    "chunk-F7VJLCZX": {
      "file": "chunk-F7VJLCZX.js"
    },
    "chunk-7LSXWQD5": {
      "file": "chunk-7LSXWQD5.js"
    },
    "chunk-WDMUDEB6": {
      "file": "chunk-WDMUDEB6.js"
    }
  }
}